{
  "cpu": {
    "avg": 50.5,
    "p95": 75.2
  },
  "gcl": {
    "progressPerTick": 0.012
  },
  "energy": {
    "incomePerTick": 0
  },
  "timestamp": "2026-01-08T04:59:13.524Z",
  "branch": "main",
  "commit": "e0c8832acd508915274cf760882e9626fe8760c5",
  "scenarios": {
    "default": {
      "avgCpu": 5.814549999999998,
      "maxCpu": 20.1,
      "p95Cpu": 16.012,
      "p99Cpu": 18.196299999999983
    }
  }
}