{
  "cpu": {
    "avg": 50.5,
    "p95": 75.2
  },
  "gcl": {
    "progressPerTick": 0.012
  },
  "energy": {
    "incomePerTick": 0
  },
  "timestamp": "2026-01-07T02:52:06.774Z",
  "branch": "main",
  "commit": "64485d5a59ab89668129f259b5877a3471d0b291",
  "scenarios": {
    "default": {
      "avgCpu": 7.099450000000002,
      "maxCpu": 23.54,
      "p95Cpu": 19.262,
      "p99Cpu": 20.78399999999999
    }
  }
}