{
  "cpu": {
    "avg": 50.5,
    "p95": 75.2
  },
  "gcl": {
    "progressPerTick": 0.012
  },
  "energy": {
    "incomePerTick": 0
  },
  "timestamp": "2026-01-12T20:33:12.141Z",
  "branch": "main",
  "commit": "eb15ffd2a49c5618b98ada5653b606a1a61da4e8",
  "scenarios": {
    "default": {
      "avgCpu": 5.330649999999999,
      "maxCpu": 17.91,
      "p95Cpu": 14.291999999999998,
      "p99Cpu": 15.5609
    }
  }
}