{
  "cpu": {
    "avg": 50.5,
    "p95": 75.2
  },
  "gcl": {
    "progressPerTick": 0.012
  },
  "energy": {
    "incomePerTick": 0
  },
  "timestamp": "2026-01-07T18:53:53.009Z",
  "branch": "main",
  "commit": "36db0a5cdf3db2e56104a7809d7dba42ff36a678",
  "scenarios": {
    "default": {
      "avgCpu": 5.655550000000001,
      "maxCpu": 18.88,
      "p95Cpu": 15.44699999999999,
      "p99Cpu": 17.72919999999999
    }
  }
}