{
  "cpu": {
    "avg": 50.5,
    "p95": 75.2
  },
  "gcl": {
    "progressPerTick": 0.012
  },
  "energy": {
    "incomePerTick": 0
  },
  "timestamp": "2026-01-12T00:19:24.681Z",
  "branch": "main",
  "commit": "58d541c506fb22f2245ecc395fb9ba984ea8eda2",
  "scenarios": {
    "default": {
      "avgCpu": 5.683299999999999,
      "maxCpu": 18.69,
      "p95Cpu": 14.651,
      "p99Cpu": 15.743499999999997
    }
  }
}